Tarih;Kürt Deme Durumu
27.02.2026;Demedi
26.02.2026;Dedi
25.02.2026;Dedi
24.02.2026;Dedi
22.02.2026;Demedi
21.02.2026;Dedi
20.02.2026;Demedi
19.02.2026;Demedi
18.02.2026;Dedi
17.02.2026;Demedi
15.02.2026;Dedi
13.02.2026;Demedi
12.02.2026;Demedi
11.02.2026;Dedi
10.02.2026;Demedi
09.02.2026;Demedi
07.02.2026;Dedi
06.02.2026;Dedi
05.02.2026;Dedi
04.02.2026;Dedi
03.02.2026;Demedi
02.02.2026;Demedi
01.02.2026;Dedi
31.01.2026;Dedi
30.01.2026;Demedi
29.01.2026;Demedi
28.01.2026;Demedi
27.01.2026;Dedi
26.01.2026;Demedi
25.01.2026;Demedi
24.01.2026;Demedi
23.01.2026;Dedi
22.01.2026;Dedi
21.01.2026;Dedi
20.01.2026;Dedi
19.01.2026;Demedi
18.01.2026;Demedi
17.01.2026;Demedi
16.01.2026;Demedi
15.01.2026;Demedi
14.01.2026;Dedi
13.01.2026;Demedi
12.01.2026;Dedi
11.01.2026;Dedi
10.01.2026;Demedi
09.01.2026;Demedi
08.01.2026;Dedi
07.01.2026;Dedi
06.01.2026;Dedi
05.01.2026;Demedi
03.01.2026;Demedi
02.01.2026;Dedi
31.12.2025;Demedi
29.12.2025;Dedi
28.12.2025;Demedi
27.12.2025;Dedi
26.12.2025;Demedi
25.12.2025;Demedi
24.12.2025;Dedi
23.12.2025;Demedi
22.12.2025;Dedi
20.12.2025;Dedi
19.12.2025;Demedi
18.12.2025;Demedi
17.12.2025;Demedi
16.12.2025;Demedi
15.12.2025;Demedi
14.12.2025;Demedi
13.12.2025;Dedi
12.12.2025;Dedi
11.12.2025;Dedi
10.12.2025;Dedi
09.12.2025;Dedi
08.12.2025;Dedi
06.12.2025;Demedi
05.12.2025;Demedi
04.12.2025;Dedi
03.12.2025;Dedi
30.11.2025;Demedi
29.11.2025;Dedi
28.11.2025;Demedi
27.11.2025;Demedi
25.11.2025;Demedi
24.11.2025;Demedi
22.11.2025;Dedi
21.11.2025;Dedi
20.11.2025;Demedi
19.11.2025;Dedi
18.11.2025;Demedi
16.11.2025;Demedi
15.11.2025;Demedi
14.11.2025;Demedi
13.11.2025;Demedi
12.11.2025;Dedi
11.11.2025;Demedi
10.11.2025;Demedi
09.11.2025;Demedi
08.11.2025;Demedi
07.11.2025;Demedi
06.11.2025;Demedi
05.11.2025;Demedi
04.11.2025;Dedi
02.11.2025;Demedi
01.11.2025;Demedi
31.10.2025;Dedi
30.10.2025;Dedi
29.10.2025;Dedi
28.10.2025;Demedi
27.10.2025;Demedi
26.10.2025;Dedi
25.10.2025;Demedi
24.10.2025;Demedi
23.10.2025;Demedi
22.10.2025;Dedi
21.10.2025;Dedi
20.10.2025;Demedi
19.10.2025;Dedi
18.10.2025;Demedi
17.10.2025;Demedi
15.10.2025;Dedi
14.10.2025;Dedi
13.10.2025;Demedi
12.10.2025;Dedi
10.10.2025;Demedi
09.10.2025;Dedi
08.10.2025;Dedi
07.10.2025;Demedi
06.10.2025;Demedi
05.10.2025;Demedi
04.10.2025;Dedi
03.10.2025;Demedi
02.10.2025;Demedi
01.10.2025;Dedi
29.09.2025;Dedi
28.09.2025;Dedi
27.09.2025;Dedi
26.09.2025;Demedi
25.09.2025;Dedi
24.09.2025;Demedi
23.09.2025;Demedi
22.09.2025;Demedi
21.09.2025;Dedi
20.09.2025;Demedi
19.09.2025;Dedi
18.09.2025;Dedi
17.09.2025;Dedi
16.09.2025;Demedi
14.09.2025;Dedi
13.09.2025;Dedi
12.09.2025;Demedi
11.09.2025;Demedi
10.09.2025;Dedi
09.09.2025;Dedi
08.09.2025;Demedi
07.09.2025;Dedi
06.09.2025;Demedi
05.09.2025;Dedi
04.09.2025;Demedi
03.09.2025;Dedi
02.09.2025;Dedi
01.09.2025;Demedi
31.08.2025;Dedi
30.08.2025;Demedi
29.08.2025;Demedi
27.08.2025;Dedi
26.08.2025;Demedi
25.08.2025;Dedi
24.08.2025;Demedi
22.08.2025;Dedi
21.08.2025;Dedi
20.08.2025;Dedi
19.08.2025;Demedi
18.08.2025;Demedi
17.08.2025;Dedi
16.08.2025;Dedi
15.08.2025;Demedi
14.08.2025;Demedi
13.08.2025;Dedi
12.08.2025;Demedi
11.08.2025;Demedi
10.08.2025;Dedi
06.08.2025;Demedi
01.08.2025;Dedi
31.07.2025;Dedi
30.07.2025;Dedi
29.07.2025;Dedi
27.07.2025;Demedi
26.07.2025;Dedi
25.07.2025;Demedi
24.07.2025;Dedi
23.07.2025;Dedi
22.07.2025;Demedi
21.07.2025;Demedi
20.07.2025;Demedi
19.07.2025;Dedi
18.07.2025;Demedi
17.07.2025;Demedi
16.07.2025;Dedi
15.07.2025;Dedi
14.07.2025;Demedi
13.07.2025;Dedi
12.07.2025;Dedi
11.07.2025;Dedi
10.07.2025;Dedi
09.07.2025;Dedi
08.07.2025;Dedi
07.07.2025;Dedi
06.07.2025;Dedi
05.07.2025;Dedi
04.07.2025;Demedi
02.07.2025;Demedi
01.07.2025;Dedi
30.06.2025;Demedi
29.06.2025;Demedi
28.06.2025;Demedi
27.06.2025;Demedi
26.06.2025;Demedi
25.06.2025;Dedi
24.06.2025;Demedi
23.06.2025;Dedi
22.06.2025;Demedi
21.06.2025;Demedi
20.06.2025;Demedi
19.06.2025;Demedi
18.06.2025;Dedi
17.06.2025;Dedi
16.06.2025;Demedi
15.06.2025;Demedi
14.06.2025;Demedi
13.06.2025;Demedi
12.06.2025;Demedi
11.06.2025;Demedi
10.06.2025;Demedi
09.06.2025;Demedi
08.06.2025;Demedi
07.06.2025;Demedi
06.06.2025;Demedi
05.06.2025;Dedi
04.06.2025;Dedi
03.06.2025;Dedi
02.06.2025;Demedi
01.06.2025;Dedi
31.05.2025;Dedi
30.05.2025;Demedi
29.05.2025;Demedi
28.05.2025;Dedi
27.05.2025;Dedi
26.05.2025;Dedi
25.05.2025;Dedi
24.05.2025;Dedi
23.05.2025;Dedi
21.05.2025;Dedi
20.05.2025;Demedi
19.05.2025;Dedi
18.05.2025;Dedi
16.05.2025;Dedi
15.05.2025;Dedi
14.05.2025;Dedi
13.05.2025;Dedi
12.05.2025;Dedi
11.05.2025;Demedi
10.05.2025;Dedi
09.05.2025;Demedi
08.05.2025;Dedi
07.05.2025;Dedi
06.05.2025;Dedi
05.05.2025;Demedi
04.05.2025;Dedi
03.05.2025;Dedi
01.05.2025;Demedi
30.04.2025;Dedi
29.04.2025;Dedi
27.04.2025;Demedi
26.04.2025;Dedi
25.04.2025;Dedi
24.04.2025;Dedi
23.04.2025;Dedi
22.04.2025;Dedi
21.04.2025;Demedi
20.04.2025;Demedi
19.04.2025;Dedi
18.04.2025;Demedi
17.04.2025;Demedi
16.04.2025;Dedi
15.04.2025;Dedi
14.04.2025;Demedi
13.04.2025;Dedi
12.04.2025;Dedi
11.04.2025;Dedi
10.04.2025;Dedi
09.04.2025;Dedi
08.04.2025;Dedi
06.04.2025;Dedi
05.04.2025;Dedi
04.04.2025;Demedi
03.04.2025;Dedi
02.04.2025;Dedi
01.04.2025;Demedi
31.03.2025;Dedi
30.03.2025;Dedi
29.03.2025;Dedi
28.03.2025;Demedi
27.03.2025;Dedi
26.03.2025;Dedi
25.03.2025;Dedi
24.03.2025;Dedi
23.03.2025;Dedi
22.03.2025;Demedi
21.03.2025;Dedi
20.03.2025;Dedi
19.03.2025;Dedi
18.03.2025;Dedi
17.03.2025;Demedi
14.03.2025;Demedi
13.03.2025;Demedi
12.03.2025;Demedi
11.03.2025;Dedi
10.03.2025;Dedi
08.03.2025;Dedi
07.03.2025;Dedi
06.03.2025;Demedi
05.03.2025;Demedi
04.03.2025;Dedi
03.03.2025;Demedi
02.03.2025;Demedi
01.03.2025;Demedi
28.02.2025;Dedi
27.02.2025;Demedi
26.02.2025;Demedi
25.02.2025;Dedi
24.02.2025;Demedi
22.02.2025;Dedi
21.02.2025;Demedi
20.02.2025;Dedi
19.02.2025;Dedi
18.02.2025;Dedi
17.02.2025;Dedi
16.02.2025;Dedi
15.02.2025;Dedi
14.02.2025;Demedi
13.02.2025;Demedi
12.02.2025;Demedi
11.02.2025;Dedi
10.02.2025;Demedi
09.02.2025;Demedi
08.02.2025;Dedi
07.02.2025;Demedi
06.02.2025;Dedi
05.02.2025;Dedi
04.02.2025;Dedi
03.02.2025;Demedi
01.02.2025;Demedi
31.01.2025;Demedi
30.01.2025;Demedi
29.01.2025;Demedi
28.01.2025;Dedi
25.01.2025;Demedi
24.01.2025;Demedi
23.01.2025;Demedi
22.01.2025;Demedi
21.01.2025;Demedi
20.01.2025;Demedi
19.01.2025;Demedi
18.01.2025;Demedi
17.01.2025;Demedi
16.01.2025;Demedi
15.01.2025;Demedi
14.01.2025;Demedi
13.01.2025;Demedi
12.01.2025;Dedi
11.01.2025;Demedi
10.01.2025;Dedi
09.01.2025;Dedi
08.01.2025;Dedi
07.01.2025;Dedi
05.01.2025;Demedi
04.01.2025;Demedi
03.01.2025;Dedi
02.01.2025;Demedi
31.12.2024;Demedi
29.12.2024;Demedi
28.12.2024;Demedi
27.12.2024;Dedi
26.12.2024;Demedi
25.12.2024;Dedi
24.12.2024;Dedi
23.12.2024;Demedi
22.12.2024;Demedi
21.12.2024;Demedi
20.12.2024;Demedi
19.12.2024;Dedi
18.12.2024;Demedi
17.12.2024;Dedi
16.12.2024;Dedi
13.12.2024;Demedi
12.12.2024;Dedi
11.12.2024;Demedi
10.12.2024;Demedi
09.12.2024;Dedi
08.12.2024;Demedi
07.12.2024;Demedi
06.12.2024;Dedi
05.12.2024;Dedi
04.12.2024;Demedi
03.12.2024;Demedi
02.12.2024;Demedi
01.12.2024;Demedi
30.11.2024;Dedi
29.11.2024;Dedi
28.11.2024;Demedi
27.11.2024;Dedi
26.11.2024;Demedi
25.11.2024;Dedi
24.11.2024;Demedi
23.11.2024;Demedi
22.11.2024;Demedi
21.11.2024;Dedi
20.11.2024;Demedi
19.11.2024;Demedi
18.11.2024;Dedi
17.11.2024;Demedi
16.11.2024;Dedi
15.11.2024;Demedi
14.11.2024;Demedi
12.11.2024;Demedi
10.11.2024;Demedi
09.11.2024;Demedi
08.11.2024;Demedi
07.11.2024;Dedi
06.11.2024;Dedi
05.11.2024;Dedi
04.11.2024;Dedi
03.11.2024;Demedi
02.11.2024;Dedi
01.11.2024;Demedi
31.10.2024;Dedi
30.10.2024;Dedi
29.10.2024;Dedi
28.10.2024;Dedi
27.10.2024;Dedi
26.10.2024;Demedi
25.10.2024;Dedi
24.10.2024;Demedi
23.10.2024;Dedi
22.10.2024;Dedi
21.10.2024;Dedi
19.10.2024;Dedi
18.10.2024;Demedi
16.10.2024;Dedi
15.10.2024;Dedi
14.10.2024;Demedi
13.10.2024;Dedi
12.10.2024;Demedi
11.10.2024;Dedi
10.10.2024;Demedi
09.10.2024;Demedi
08.10.2024;Demedi
07.10.2024;Demedi
06.10.2024;Dedi
05.10.2024;Demedi
04.10.2024;Dedi
03.10.2024;Dedi
02.10.2024;Demedi
01.10.2024;Demedi
30.09.2024;Demedi
28.09.2024;Demedi
27.09.2024;Demedi
26.09.2024;Demedi
25.09.2024;Demedi
24.09.2024;Demedi
23.09.2024;Demedi
20.09.2024;Dedi
19.09.2024;Demedi
18.09.2024;Demedi
17.09.2024;Dedi
16.09.2024;Dedi
15.09.2024;Demedi
14.09.2024;Demedi
13.09.2024;Demedi
12.09.2024;Demedi
11.09.2024;Demedi
09.09.2024;Dedi
08.09.2024;Demedi
07.09.2024;Demedi
06.09.2024;Dedi
05.09.2024;Demedi
04.09.2024;Demedi
03.09.2024;Dedi
02.09.2024;Demedi
01.09.2024;Demedi
31.08.2024;Demedi
30.08.2024;Demedi
29.08.2024;Dedi
28.08.2024;Dedi
27.08.2024;Dedi
26.08.2024;Demedi
25.08.2024;Demedi
24.08.2024;Dedi
23.08.2024;Demedi
22.08.2024;Demedi
21.08.2024;Demedi
20.08.2024;Demedi
19.08.2024;Demedi
18.08.2024;Demedi
17.08.2024;Demedi
16.08.2024;Demedi
15.08.2024;Demedi
13.08.2024;Demedi
11.08.2024;Demedi
10.08.2024;Demedi
09.08.2024;Demedi
08.08.2024;Demedi
07.08.2024;Demedi
06.08.2024;Demedi
05.08.2024;Demedi
04.08.2024;Demedi
03.08.2024;Demedi
02.08.2024;Demedi
01.08.2024;Dedi
31.07.2024;Dedi
30.07.2024;Demedi
27.07.2024;Demedi
26.07.2024;Dedi
25.07.2024;Demedi
24.07.2024;Demedi
23.07.2024;Demedi
22.07.2024;Demedi
21.07.2024;Dedi
20.07.2024;Demedi
19.07.2024;Demedi
18.07.2024;Demedi
17.07.2024;Demedi
16.07.2024;Dedi
15.07.2024;Demedi
11.07.2024;Demedi
10.07.2024;Demedi
09.07.2024;Dedi
08.07.2024;Demedi
07.07.2024;Demedi
06.07.2024;Demedi
05.07.2024;Dedi
04.07.2024;Demedi
03.07.2024;Demedi
02.07.2024;Demedi
01.07.2024;Demedi
30.06.2024;Demedi
29.06.2024;Dedi
28.06.2024;Demedi
27.06.2024;Demedi
26.06.2024;Demedi
25.06.2024;Dedi
23.06.2024;Demedi
22.06.2024;Dedi
21.06.2024;Demedi
20.06.2024;Dedi
18.06.2024;Demedi
17.06.2024;Demedi
16.06.2024;Demedi
15.06.2024;Demedi
14.06.2024;Demedi
13.06.2024;Demedi
12.06.2024;Demedi
11.06.2024;Demedi
10.06.2024;Demedi
09.06.2024;Dedi
08.06.2024;Demedi
07.06.2024;Dedi
06.06.2024;Demedi
05.06.2024;Dedi
04.06.2024;Dedi
03.06.2024;Demedi
02.06.2024;Demedi
01.06.2024;Dedi
31.05.2024;Dedi
30.05.2024;Demedi
29.05.2024;Demedi
28.05.2024;Dedi
27.05.2024;Demedi
26.05.2024;Dedi
25.05.2024;Demedi
24.05.2024;Dedi
23.05.2024;Demedi
22.05.2024;Demedi
21.05.2024;Dedi
20.05.2024;Dedi
19.05.2024;Dedi
18.05.2024;Demedi
17.05.2024;Demedi
16.05.2024;Demedi
15.05.2024;Demedi
14.05.2024;Demedi
13.05.2024;Demedi
12.05.2024;Dedi
11.05.2024;Demedi
10.05.2024;Dedi
09.05.2024;Demedi
08.05.2024;Demedi
07.05.2024;Dedi
06.05.2024;Dedi
05.05.2024;Demedi
04.05.2024;Demedi
03.05.2024;Demedi
02.05.2024;Demedi
01.05.2024;Dedi
30.04.2024;Demedi
29.04.2024;Demedi
28.04.2024;Dedi
27.04.2024;Demedi
26.04.2024;Dedi
25.04.2024;Dedi
24.04.2024;Dedi
23.04.2024;Demedi
22.04.2024;Demedi
21.04.2024;Demedi
20.04.2024;Dedi
19.04.2024;Demedi
18.04.2024;Dedi
17.04.2024;Demedi
16.04.2024;Dedi
15.04.2024;Demedi
14.04.2024;Demedi
13.04.2024;Demedi
12.04.2024;Demedi
10.04.2024;Demedi
09.04.2024;Demedi
06.04.2024;Demedi
05.04.2024;Demedi
04.04.2024;Dedi
03.04.2024;Demedi
02.04.2024;Demedi
01.04.2024;Demedi
31.03.2024;Dedi
30.03.2024;Dedi
29.03.2024;Dedi
28.03.2024;Dedi
27.03.2024;Dedi
26.03.2024;Dedi
25.03.2024;Dedi
24.03.2024;Dedi
23.03.2024;Dedi
22.03.2024;Dedi
21.03.2024;Dedi
20.03.2024;Demedi
19.03.2024;Demedi
18.03.2024;Dedi
17.03.2024;Dedi
16.03.2024;Dedi
15.03.2024;Dedi
14.03.2024;Demedi
13.03.2024;Dedi
12.03.2024;Dedi
11.03.2024;Dedi
10.03.2024;Dedi
09.03.2024;Dedi
08.03.2024;Demedi
07.03.2024;Dedi
06.03.2024;Dedi
05.03.2024;Demedi
04.03.2024;Dedi
03.03.2024;Dedi
02.03.2024;Dedi
01.03.2024;Dedi
29.02.2024;Dedi
28.02.2024;Dedi
27.02.2024;Dedi
25.02.2024;Demedi
24.02.2024;Demedi
23.02.2024;Demedi
22.02.2024;Dedi
21.02.2024;Dedi
20.02.2024;Dedi
19.02.2024;Dedi
18.02.2024;Demedi
17.02.2024;Dedi
16.02.2024;Demedi
15.02.2024;Dedi
14.02.2024;Demedi
11.02.2024;Demedi
10.02.2024;Demedi
09.02.2024;Dedi
07.02.2024;Demedi
06.02.2024;Demedi
05.02.2024;Demedi
04.02.2024;Demedi
03.02.2024;Demedi
01.02.2024;Demedi
31.01.2024;Demedi
30.01.2024;Demedi
27.01.2024;Demedi
25.01.2024;Demedi
24.01.2024;Demedi
23.01.2024;Demedi
22.01.2024;Dedi
21.01.2024;Demedi
20.01.2024;Demedi
19.01.2024;Demedi
18.01.2024;Demedi
17.01.2024;Demedi
16.01.2024;Demedi
14.01.2024;Demedi
13.01.2024;Demedi
12.01.2024;Demedi
11.01.2024;Demedi
10.01.2024;Demedi
08.01.2024;Demedi
07.01.2024;Demedi
06.01.2024;Demedi
05.01.2024;Demedi
04.01.2024;Demedi
03.01.2024;Demedi
02.01.2024;Demedi
31.12.2023;Dedi
30.12.2023;Demedi
29.12.2023;Demedi
28.12.2023;Demedi
27.12.2023;Demedi
26.12.2023;Demedi
25.12.2023;Demedi
24.12.2023;Demedi
23.12.2023;Demedi
22.12.2023;Demedi
21.12.2023;Demedi
20.12.2023;Demedi
19.12.2023;Demedi
18.12.2023;Demedi
17.12.2023;Demedi
16.12.2023;Demedi
15.12.2023;Demedi
14.12.2023;Demedi
13.12.2023;Demedi
12.12.2023;Demedi
11.12.2023;Demedi
10.12.2023;Demedi
09.12.2023;Demedi
08.12.2023;Demedi
07.12.2023;Demedi
05.12.2023;Demedi
04.12.2023;Demedi
03.12.2023;Demedi
02.12.2023;Demedi
01.12.2023;Demedi
30.11.2023;Demedi
29.11.2023;Demedi
28.11.2023;Dedi
27.11.2023;Demedi
26.11.2023;Demedi
25.11.2023;Demedi
24.11.2023;Dedi
23.11.2023;Dedi
22.11.2023;Demedi
21.11.2023;Dedi
20.11.2023;Demedi
19.11.2023;Demedi
18.11.2023;Demedi
17.11.2023;Dedi
16.11.2023;Demedi
15.11.2023;Demedi
14.11.2023;Demedi
13.11.2023;Demedi
12.11.2023;Demedi
11.11.2023;Demedi
10.11.2023;Demedi
09.11.2023;Dedi
08.11.2023;Demedi
07.11.2023;Demedi
06.11.2023;Demedi
